popv_prediction,ts_cell_ontology_class
stromal cell of ovary,stromal cell of ovary
fibroblast,fibroblast
macrophage,macrophage
spermatid,spermatid
"CD8-positive, alpha-beta T cell","cd8-positive, alpha-beta t cell"
mesenchymal stem cell of adipose tissue,mesenchymal stem cell of adipose tissue
kidney epithelial cell,kidney epithelial cell
pulmonary alveolar type 2 cell,type ii pneumocyte
endothelial cell,endothelial cell
neutrophil,neutrophil
blood vessel smooth muscle cell,blood vessel smooth muscle cell
stromal cell,stromal cell
bladder urothelial cell,bladder urothelial cell
enterocyte of epithelium proper of ileum,enterocyte of epithelium proper of ileum
pericyte,pericyte
acinar cell of salivary gland,acinar cell of salivary gland
"CD4-positive, alpha-beta T cell","cd4-positive, alpha-beta t cell"
cardiac endothelial cell,cardiac endothelial cell
spermatocyte,spermatocyte
thymic fibroblast type 2,thymic fibroblast type 2
mononuclear phagocyte,mononuclear phagocyte
monocyte,monocyte
mesenchymal stem cell,mesenchymal stem cell
smooth muscle cell,smooth muscle cell
tracheal goblet cell,tracheal goblet cell
endothelial cell of vascular tree,endothelial cell of vascular tree
plasma cell,plasma cell
skeletal muscle satellite stem cell,skeletal muscle satellite stem cell
intestinal crypt stem cell of colon,intestinal crypt stem cell of colon
basal cell,basal cell
pancreatic stellate cell,pancreatic stellate cell
platelet,platelet
epithelial cell of uterus,epithelial cell of uterus
vestibular dark cell,vestibular dark cell
supporting cell of vestibular epithelium,supporting cell of vestibular epithelium
melanocyte,melanocyte
natural killer cell,natural killer cell
leukocyte,leukocyte
classical monocyte,classical monocyte
B cell,b cell
capillary endothelial cell,capillary endothelial cell
erythrocyte,erythrocyte
hematopoietic cell,hematopoietic cell
endothelial cell of lymphatic vessel,endothelial cell of lymphatic vessel
fibroblast of cardiac tissue,fibroblast of cardiac tissue
myofibroblast cell,myofibroblast cell
vascular associated smooth muscle cell,vascular associated smooth muscle cell
vein endothelial cell,vein endothelial cell
pancreatic acinar cell,pancreatic acinar cell
fast muscle cell,fast muscle cell
colon macrophage,colon macrophage
ciliated epithelial cell,ciliated epithelial cell
endothelial cell of artery,endothelial cell of artery
mast cell,mast cell
slow muscle cell,slow muscle cell
"activated CD8-positive, alpha-beta T cell","activated cd8-positive, alpha-beta t cell"
paneth cell of colon,paneth cell of colon
intermediate monocyte,intermediate monocyte
bronchial smooth muscle cell,bronchial smooth muscle cell
colon endothelial cell,colon endothelial cell
pancreatic ductal cell,pancreatic ductal cell
thymic fibroblast type 1,thymic fibroblast type 1
tissue-resident macrophage,tissue-resident macrophage
duct epithelial cell,duct epithelial cell
pulmonary alveolar type 1 cell,type i pneumocyte
mature NK T cell,mature nk t cell
lung ciliated cell,lung ciliated cell
enteroglial cell,enteroglial cell
ovarian surface epithelial cell,ovarian surface epithelial cell
small intestine goblet cell,small intestine goblet cell
granulocyte,granulocyte
tendon cell,tendon cell
alveolar adventitial fibroblast,alveolar type 2 fibroblast cell
peritubular myoid cell,peritubular myoid cell
adventitial cell,adventitial cell
erythroid progenitor cell,erythroid progenitor cell
salivary gland cell,salivary gland cell
paneth cell of epithelium of small intestine,paneth cell of epithelium of small intestine
hepatocyte,hepatocyte
mucus secreting cell,mucus secreting cell
enterocyte of epithelium of large intestine,enterocyte of epithelium of large intestine
club cell,club cell
large intestine goblet cell,large intestine goblet cell
"CD8-positive, alpha-beta thymocyte","cd8-positive, alpha-beta thymocyte"
BEST4+ enteroycte,"best4+ intestinal epithelial cell, human"
hematopoietic stem cell,hematopoietic stem cell
connective tissue cell,connective tissue cell
spermatogonium,spermatogonium
transit amplifying cell of colon,transit amplifying cell of colon
mural cell,mural cell
mesothelial cell,mesothelial cell
T cell,t cell
respiratory goblet cell,respiratory goblet cell
endothelial cell of arteriole,endothelial cell of arteriole
intestinal crypt stem cell of small intestine,intestinal crypt stem cell of small intestine
myoepithelial cell,myoepithelial cell
hematopoietic precursor cell,hematopoietic precursor cell
"activated CD4-positive, alpha-beta T cell","activated cd4-positive, alpha-beta t cell"
"naive thymus-derived CD4-positive, alpha-beta T cell","naive thymus-derived cd4-positive, alpha-beta t cell"
intrahepatic cholangiocyte,intrahepatic cholangiocyte
myometrial cell,myometrial cell
theca cell,theca cell
regulatory T cell,regulatory t cell
thymocyte,thymocyte
regular atrial cardiac myocyte,regular atrial cardiac myocyte
tongue muscle cell,tongue muscle cell
non-classical monocyte,non-classical monocyte
basophil,basophil
innate lymphoid cell,innate lymphoid cell
common myeloid progenitor,common myeloid progenitor
glandular epithelial cell,glandular epithelial cell
enterocyte of epithelium proper of small intestine,enterocyte of epithelium proper of small intestine
myeloid dendritic cell,myeloid dendritic cell
endothelial cell of venule,endothelial cell of venule
plasmacytoid dendritic cell,plasmacytoid dendritic cell
interstitial cell of Cajal,interstitial cell of cajal
gamma-delta T cell,gamma-delta t cell
serous cell of epithelium of trachea,serous cell of epithelium of trachea
epithelial cell,epithelial cell
"CD4-positive, alpha-beta thymocyte","cd4-positive, alpha-beta thymocyte"
basal cell of prostate epithelium,basal cell of prostate epithelium
intestinal tuft cell,intestinal tuft cell
myeloid cell,myeloid cell
glial cell,glial cell
muscle cell,muscle cell
pancreatic A cell,pancreatic a cell
Schwann cell,schwann cell
enterocyte of epithelium proper of duodenum,enterocyte of epithelium proper of duodenum
enteroendocrine cell of small intestine,enteroendocrine cell of small intestine
colon epithelial cell,enterocyte of epithelium of large intestine
ciliated columnar cell of tracheobronchial tree,ciliated columnar cell of tracheobronchial tree
type B pancreatic cell,type b pancreatic cell
hepatic stellate cell,hepatic stellate cell
serous cell of epithelium of bronchus,serous cell of epithelium of bronchus
ionocyte,ionocyte
ventricular cardiac muscle cell,ventricular cardiac muscle cell
tuft cell of colon,tuft cell of colon
Leydig cell,leydig cell
stratified squamous epithelial cell,stratified squamous epithelial cell
pulmonary ionocyte,pulmonary ionocyte
enterocyte of epithelium proper of jejunum,enterocyte of epithelium proper of jejunum
epithelial cell of large intestine,enterocyte of epithelium of large intestine
conventional dendritic cell,myeloid dendritic cell
enterochromaffin-like cell,enterochromaffin-like cell
keratocyte,keratocyte
male germ cell,male germ cell
myeloid leukocyte,myeloid leukocyte
myo-medullary thymic epithelial cell,myo-medullary thymic epithelial cell
pancreatic D cell,pancreatic d cell
sebum secreting cell,sebum secreting cell
type L enteroendocrine cell,type l enteroendocrine cell
luminal cell of prostate epithelium,luminal cell of prostate epithelium
"naive thymus-derived CD8-positive, alpha-beta T cell","naive thymus-derived cd8-positive, alpha-beta t cell"
enteroendocrine cell,enteroendocrine cell
neuron,neuron
medullary thymic epithelial cell,medullary thymic epithelial cell
taste receptor cell,taste receptor cell
Langerhans cell,myeloid dendritic cell
epithelial cell of tracheobronchial tree,epithelial cell
epithelial cell of lung,epithelial cell
microvascular endothelial cell,endothelial cell
